<configuration>
    <appender name="FILE" class="ch.qos.logback.core.rolling.RollingFileAppender">
        <rollingPolicy class="ch.qos.logback.core.rolling.TimeBasedRollingPolicy">
            <fileNamePattern>${LOG_PATH}/%d{yyyy/MM,aux}/lms-%d{yyyy-MM-dd,GMT+8:00}.log.gz</fileNamePattern>
            <maxHistory>6</maxHistory>
            <totalSizeCap>1GB</totalSizeCap>
        </rollingPolicy>
        <encoder>
            <pattern>%d{yyyy-MM-dd HH:mm:ss.SSS,GMT+8:00}%6level [%+15thread] %-40logger{20} : %msg%n%throwable{full}</pattern>
        </encoder>
    </appender>
    <appender name="STDOUT" class="ch.qos.logback.core.ConsoleAppender">
        <encoder>
            <pattern>%d{yyyy-MM-dd HH:mm:ss.SSS,GMT+8:00}%6level [%+15thread] %-40logger{20} : %msg%n%throwable{full}</pattern>
        </encoder>
    </appender>
    <root level="INFO">
        <appender-ref ref="STDOUT"></appender-ref>
    </root>
</configuration>